{"assets/EncabezadoMenu.png":["assets/EncabezadoMenu.png"],"assets/ExpandIcon.png":["assets/ExpandIcon.png"],"assets/Fonts/Ancizar-Sans-Bold-Italic.otf":["assets/Fonts/Ancizar-Sans-Bold-Italic.otf"],"assets/Fonts/Ancizar-Sans-Bold.otf":["assets/Fonts/Ancizar-Sans-Bold.otf"],"assets/Fonts/Ancizar-Sans-Regular-Italic.otf":["assets/Fonts/Ancizar-Sans-Regular-Italic.otf"],"assets/Fonts/Ancizar-Sans-Regular.otf":["assets/Fonts/Ancizar-Sans-Regular.otf"],"assets/InfeccionIntraabdominal/intraabdominalTitulo.png":["assets/InfeccionIntraabdominal/intraabdominalTitulo.png"],"assets/InfeccionIntraabdominal/intraabdominal_Tabla1.png":["assets/InfeccionIntraabdominal/intraabdominal_Tabla1.png"],"assets/InfeccionIntraabdominal/intraabdominal_b1.png":["assets/InfeccionIntraabdominal/intraabdominal_b1.png"],"assets/InfeccionIntraabdominal/intraabdominal_b2.png":["assets/InfeccionIntraabdominal/intraabdominal_b2.png"],"assets/InfeccionIntraabdominal/intraabdominal_b3.png":["assets/InfeccionIntraabdominal/intraabdominal_b3.png"],"assets/InfeccionPielTejidosBlandos/tejidosTabla1.png":["assets/InfeccionPielTejidosBlandos/tejidosTabla1.png"],"assets/InfeccionPielTejidosBlandos/tejidosTabla2.png":["assets/InfeccionPielTejidosBlandos/tejidosTabla2.png"],"assets/InfeccionPielTejidosBlandos/tejidosTabla3.png":["assets/InfeccionPielTejidosBlandos/tejidosTabla3.png"],"assets/InfeccionPielTejidosBlandos/tejidosTabla4.png":["assets/InfeccionPielTejidosBlandos/tejidosTabla4.png"],"assets/InfeccionPielTejidosBlandos/tejidosTabla5.png":["assets/InfeccionPielTejidosBlandos/tejidosTabla5.png"],"assets/InfeccionPielTejidosBlandos/tejidosTitulo.png":["assets/InfeccionPielTejidosBlandos/tejidosTitulo.png"],"assets/InfeccionPielTejidosBlandos/tejidos_b1.png":["assets/InfeccionPielTejidosBlandos/tejidos_b1.png"],"assets/InfeccionPielTejidosBlandos/tejidos_b2.png":["assets/InfeccionPielTejidosBlandos/tejidos_b2.png"],"assets/InfeccionPielTejidosBlandos/tejidos_b3.png":["assets/InfeccionPielTejidosBlandos/tejidos_b3.png"],"assets/InfeccionTractoUrinario/tractoUrinario_b1.png":["assets/InfeccionTractoUrinario/tractoUrinario_b1.png"],"assets/InfeccionTractoUrinario/tractoUrinario_b2.png":["assets/InfeccionTractoUrinario/tractoUrinario_b2.png"],"assets/InfeccionTractoUrinario/tractoUrinatioTitulo.png":["assets/InfeccionTractoUrinario/tractoUrinatioTitulo.png"],"assets/InfeccionTractoUrinario/urinarioTabla1.png":["assets/InfeccionTractoUrinario/urinarioTabla1.png"],"assets/InfeccionTractoUrinario/urinarioTabla2.png":["assets/InfeccionTractoUrinario/urinarioTabla2.png"],"assets/NeumoniaAdquiridaEnComunidad/CRB65B.png":["assets/NeumoniaAdquiridaEnComunidad/CRB65B.png"],"assets/NeumoniaAdquiridaEnComunidad/CRB65NACTratamiento.png":["assets/NeumoniaAdquiridaEnComunidad/CRB65NACTratamiento.png"],"assets/NeumoniaAdquiridaEnComunidad/CURB65B.png":["assets/NeumoniaAdquiridaEnComunidad/CURB65B.png"],"assets/NeumoniaAdquiridaEnComunidad/CURB65BTablaNACTratamiento.png":["assets/NeumoniaAdquiridaEnComunidad/CURB65BTablaNACTratamiento.png"],"assets/NeumoniaAdquiridaEnComunidad/NACleveTratamientoTabla.png":["assets/NeumoniaAdquiridaEnComunidad/NACleveTratamientoTabla.png"],"assets/NeumoniaAdquiridaEnComunidad/PSIB.png":["assets/NeumoniaAdquiridaEnComunidad/PSIB.png"],"assets/NeumoniaAdquiridaEnComunidad/PSITablaNACTratamiento.png":["assets/NeumoniaAdquiridaEnComunidad/PSITablaNACTratamiento.png"],"assets/NeumoniaAdquiridaEnComunidad/diagnostico.png":["assets/NeumoniaAdquiridaEnComunidad/diagnostico.png"],"assets/NeumoniaAdquiridaEnComunidad/tablaNACGraveConRiesgo.png":["assets/NeumoniaAdquiridaEnComunidad/tablaNACGraveConRiesgo.png"],"assets/NeumoniaAdquiridaEnComunidad/tablaNACGraveSinRiesgo.png":["assets/NeumoniaAdquiridaEnComunidad/tablaNACGraveSinRiesgo.png"],"assets/NeumoniaAdquiridaEnComunidad/tablaNACModeradoConRiesgo.png":["assets/NeumoniaAdquiridaEnComunidad/tablaNACModeradoConRiesgo.png"],"assets/NeumoniaAdquiridaEnComunidad/tablaNACModeradoSinRiesgo.png":["assets/NeumoniaAdquiridaEnComunidad/tablaNACModeradoSinRiesgo.png"],"assets/NeumoniaAdquiridaEnComunidad/tinticionDiagnosticoTabla1.png":["assets/NeumoniaAdquiridaEnComunidad/tinticionDiagnosticoTabla1.png"],"assets/NeumoniaAdquiridaEnComunidad/titulo.png":["assets/NeumoniaAdquiridaEnComunidad/titulo.png"],"assets/NeumoniaAdquiridaEnComunidad/tratamiento.png":["assets/NeumoniaAdquiridaEnComunidad/tratamiento.png"],"assets/ProfilaxisQuirurgica/ProfilaxisQuirurgica_b1.png":["assets/ProfilaxisQuirurgica/ProfilaxisQuirurgica_b1.png"],"assets/ProfilaxisQuirurgica/ProfilaxisQuirurgica_b2.png":["assets/ProfilaxisQuirurgica/ProfilaxisQuirurgica_b2.png"],"assets/ProfilaxisQuirurgica/ProfilaxisQuirurgica_b3.png":["assets/ProfilaxisQuirurgica/ProfilaxisQuirurgica_b3.png"],"assets/ProfilaxisQuirurgica/ProfilaxisQuirurgica_b4.png":["assets/ProfilaxisQuirurgica/ProfilaxisQuirurgica_b4.png"],"assets/ProfilaxisQuirurgica/ProfilaxisQuirurgica_titulo.png":["assets/ProfilaxisQuirurgica/ProfilaxisQuirurgica_titulo.png"],"assets/ProfilaxisQuirurgica/preoperatoriaTabla1.png":["assets/ProfilaxisQuirurgica/preoperatoriaTabla1.png"],"assets/ProfilaxisQuirurgica/preoperatoriaTabla3.png":["assets/ProfilaxisQuirurgica/preoperatoriaTabla3.png"],"assets/ProfilaxisQuirurgica/preoperatorioRef.png":["assets/ProfilaxisQuirurgica/preoperatorioRef.png"],"assets/ProfilaxisQuirurgica/preoperatorioT1.png":["assets/ProfilaxisQuirurgica/preoperatorioT1.png"],"assets/ProfilaxisQuirurgica/preoperatorioT10.png":["assets/ProfilaxisQuirurgica/preoperatorioT10.png"],"assets/ProfilaxisQuirurgica/preoperatorioT2.png":["assets/ProfilaxisQuirurgica/preoperatorioT2.png"],"assets/ProfilaxisQuirurgica/preoperatorioT3.png":["assets/ProfilaxisQuirurgica/preoperatorioT3.png"],"assets/ProfilaxisQuirurgica/preoperatorioT4.png":["assets/ProfilaxisQuirurgica/preoperatorioT4.png"],"assets/ProfilaxisQuirurgica/preoperatorioT5.png":["assets/ProfilaxisQuirurgica/preoperatorioT5.png"],"assets/ProfilaxisQuirurgica/preoperatorioT6.png":["assets/ProfilaxisQuirurgica/preoperatorioT6.png"],"assets/ProfilaxisQuirurgica/preoperatorioT7.png":["assets/ProfilaxisQuirurgica/preoperatorioT7.png"],"assets/ProfilaxisQuirurgica/preoperatorioT8.png":["assets/ProfilaxisQuirurgica/preoperatorioT8.png"],"assets/ProfilaxisQuirurgica/preoperatorioT9.png":["assets/ProfilaxisQuirurgica/preoperatorioT9.png"],"assets/ProfilaxisQuirurgica/tabla1RiesgoISQProfilaxisQ.png":["assets/ProfilaxisQuirurgica/tabla1RiesgoISQProfilaxisQ.png"],"assets/ProfilaxisQuirurgica/tablaIntraoperatoria.png":["assets/ProfilaxisQuirurgica/tablaIntraoperatoria.png"],"assets/b1.png":["assets/b1.png"],"assets/b2.png":["assets/b2.png"],"assets/b3.png":["assets/b3.png"],"assets/b4.png":["assets/b4.png"],"assets/b5.png":["assets/b5.png"],"assets/home.png":["assets/home.png"],"assets/i1.png":["assets/i1.png"],"assets/i2.png":["assets/i2.png"],"assets/i3.png":["assets/i3.png"],"assets/i4.png":["assets/i4.png"],"assets/i5.png":["assets/i5.png"],"assets/logoApp.png":["assets/logoApp.png"],"assets/m1.png":["assets/m1.png"],"assets/m2.png":["assets/m2.png"],"assets/m3.png":["assets/m3.png"],"assets/m4.png":["assets/m4.png"],"assets/m5.png":["assets/m5.png"],"assets/splashS.png":["assets/splashS.png"],"assets/unalLogo.png":["assets/unalLogo.png"],"assets/unalLogoBlack.png":["assets/unalLogoBlack.png"],"assets/unalLogoWhite.png":["assets/unalLogoWhite.png"],"assets/unalLogoWhiteGreen.png":["assets/unalLogoWhiteGreen.png"],"assets/volver.png":["assets/volver.png"]}